[
  {
    "$schema":"http://json-schema.org/draft-04/schema#",
    "title":"Postal abbreviations",
    "description":"Postal abbreviations for Canada",

    "id":"jsdb:postCAN",

    "definitions":
    {
      "CAN_province":
      {
        "type":"string",
        "enum":["AB", "BC", "MB", "NB", "NL", "NS", "NT",
                "NU", "ON", "PE", "QC", "SK", "YT"]
      },
      "CAN_postalCode":
      {
        "type":"string",
        "pattern":"^[A-Z][0-9][A-Z]( )?[0-9][A-Z][0-9]$"
      }
    }
  },
  {
    "$schema":"http://json-schema.org/draft-04/schema#",
    "title":"USA postal abbreviations",
    "description":"Postal abbreviations for USA",

    "id":"jsdb:postUSA",

    "definitions":
    {
      "USA_state":
      {
        "type":"string",
        "enum":["AL", "AK", "AR", "AS", "AZ", "CA", "CO", "CT",
                "DC", "DE", "FL", "FM", "GA", "GU", "HI", "IA",
                "ID", "IL", "IN", "KS", "KY", "LA", "MA", "MD",
                "ME", "MH", "MI", "MN", "MO", "MP", "MS", "MT",
                "NC", "ND", "NE", "NH", "NJ", "NM", "NV", "OH",
                "OK", "OR", "PA", "PR", "PW", "RI", "SC", "SD",
                "TN", "TX", "UT", "VA", "VI", "VT", "WA", "WI",
                "WV", "WY", "AA", "AE", "AP"]
      },
      "USA_zipCode":
      {
        "type":"string",
        "pattern":"^[0-9]{5}(-[0-9]{4})?$"
      }
    }
  }
]
