{
  "$schema":"http://json-schema.org/draft-04/schema#",
  "title":"US postal abbreviations",
  "description":"Postal abbreviations: US states/territories",
  
  "type":"object",
  "properties":
  {
    "state":
    {
      "type":"string",
      "enum":["AL", "AK", "AR", "AS", "AZ", "CA", "CO", "CT",
              "DC", "DE", "FL", "FM", "GA", "GU", "HI", "IA",
              "ID", "IL", "IN", "KS", "KY", "LA", "MA", "MD",
              "ME", "MH", "MI", "MN", "MO", "MP", "MS", "MT",
              "NC", "ND", "NE", "NH", "NJ", "NM", "NV", "OH",
              "OK", "OR", "PA", "PR", "PW", "RI", "SC", "SD",
              "TN", "TX", "UT", "VA", "VI", "VT", "WA", "WI",
              "WV", "WY", "AA", "AE", "AP"]
    }
  }
}
